{"cameraMode":{"drawMode":0,"name":"Shaded","section":"Shading Mode"},"sceneLighting":true,"audioPlay":false,"sceneViewState":{"showFog":true,"showMaterialUpdate":false,"showSkybox":true,"showFlares":true,"showImageEffects":true,"showParticleSystems":true},"in2DMode":false,"pivot":{"x":-3.6415750980377199,"y":6.380959987640381,"z":-14.415319442749024},"rotation":{"x":0.21430978178977967,"y":-0.0030497275292873384,"z":0.0014598359121009708,"w":0.9767599105834961},"size":2.160604238510132,"orthographic":false}